{
    "ND": 0.06513261936813373,
    "RMSE": 0.4726417882152838,
    "test_loss": 5.2416562842937005
}