{
    "ND": 0.08073096668860523,
    "RMSE": 0.550850880131186,
    "test_loss": 5.537184093971203
}