{
    "ND": 0.07050885460653333,
    "RMSE": 0.5920950063359126,
    "test_loss": 5.234525203704834
}