{
    "ND": 0.07423493380538494,
    "RMSE": 0.5168799114034284,
    "test_loss": 5.388011932373047
}