{
    "ND": 0.06976917887277491,
    "RMSE": 0.572039510013111,
    "test_loss": 5.240445613861084
}